Changes made at Sat Aug  9 05:58:18 UTC 2025
Changes made at Thu Nov 20 13:44:47 UTC 2025
Changes made at Thu Nov 20 14:12:41 UTC 2025
Changes made at Thu Nov 20 16:16:28 UTC 2025
Changes made at Fri Nov 21 08:18:48 UTC 2025
Changes made at Fri Nov 21 10:13:49 UTC 2025
Changes made at Fri Nov 21 14:12:52 UTC 2025
Changes made at Fri Nov 21 16:16:05 UTC 2025
Changes made at Sat Nov 22 08:15:48 UTC 2025
Changes made at Sat Nov 22 10:12:23 UTC 2025
Changes made at Sat Nov 22 14:10:29 UTC 2025
Changes made at Sat Nov 22 16:13:45 UTC 2025
Changes made at Sun Nov 23 08:16:00 UTC 2025
Changes made at Sun Nov 23 10:12:23 UTC 2025
Changes made at Sun Nov 23 14:10:46 UTC 2025
Changes made at Sun Nov 23 16:13:58 UTC 2025
